<?xml version="1.0" encoding="UTF-8"?>
<feature id="org.eclipse.rcp.nls1" image="eclipse_update_120.jpg" label="%featureName" plugin="org.eclipse.rcp" provider-name="%providerName" version="3.2.0.v200606220026">

   <description>
      %description
   </description>

   <copyright>
      %copyright
   </copyright>

   <license url="%licenseURL">
      %license
   </license>

   <url>
      <update label="%updateSiteName" url="http://update.eclipse.org/updates/3.2"></update>
   </url>

   <plugin fragment="true" id="com.ibm.icu.nl1" unpack="false" version="3.4.4.v200606220026"></plugin>

   <plugin fragment="true" id="org.eclipse.core.commands.nl1" unpack="false" version="3.2.0.v200606220026"></plugin>

   <plugin fragment="true" id="org.eclipse.core.jobs.nl1" unpack="false" version="3.2.0.v200606220026"></plugin>

   <plugin fragment="true" id="org.eclipse.core.expressions.nl1" unpack="false" version="3.2.0.v200606220026"></plugin>

   <plugin fragment="true" id="org.eclipse.core.runtime.nl1" unpack="false" version="3.2.0.v200606220026"></plugin>
         
   <plugin fragment="true" id="org.eclipse.core.runtime.compatibility.auth.nl1" unpack="false" version="3.2.0.v200606220026"></plugin>

   

   <plugin fragment="true" id="org.eclipse.help.nl1" unpack="false" version="3.2.0.v200606220026"></plugin>

   <plugin fragment="true" id="org.eclipse.swt.nl1" unpack="false" version="3.2.0.v200606220026"></plugin>

   <plugin fragment="true" id="org.eclipse.jface.nl1" unpack="false" version="3.2.0.v200606220026"></plugin>

   <plugin fragment="true" id="org.eclipse.jface.databinding.nl1" unpack="false" version="1.0.0.v200606220026"></plugin>

   <plugin fragment="true" id="org.eclipse.ui.nl1" unpack="false" version="3.2.0.v200606220026"></plugin>

   <plugin fragment="true" id="org.eclipse.ui.workbench.nl1" unpack="false" version="3.2.0.v200606220026"></plugin>

   <plugin fragment="true" id="org.eclipse.update.configurator.nl1" unpack="false" version="3.2.0.v200606220026"></plugin>

   

   
         
	 
         
         

   

   

   

   

   

   

   

   

   

   

   <plugin fragment="true" id="org.eclipse.rcp.nl1" unpack="false" version="3.2.0.v200606220026"></plugin>

   <plugin fragment="true" id="org.eclipse.core.contenttype.nl1" unpack="false" version="3.2.0.v200606220026"></plugin>           

   <plugin fragment="true" id="org.eclipse.equinox.common.nl1" unpack="false" version="3.2.0.v200606220026"></plugin>

   <plugin fragment="true" id="org.eclipse.equinox.preferences.nl1" unpack="false" version="3.2.0.v200606220026"></plugin>

   <plugin fragment="true" id="org.eclipse.equinox.registry.nl1" unpack="false" version="3.2.0.v200606220026"></plugin>

</feature>